intra_threads,inter_threads,batch_size,data_load_time_sec,model_init_time_sec,train_time_total_sec,forward_time_sec,backward_time_sec,optimizer_time_sec,eval_time_sec,total_time,test_accuracy
1,1,64,2.01810709,0.004189941,1795.38861,678.8765098,1073.232432,1.674344541,23.1592209,3574.353414,0.6002
1,2,64,1.974575059,0.004134641,1793.141679,672.9579427,1076.651007,1.671802152,23.3019085,3569.703049,0.6002
1,3,64,1.974510831,0.004029911,1795.007476,684.2900048,1067.602988,1.687541316,22.07586754,3572.642418,0.6002
1,4,64,2.106145207,0.004095904,1804.449178,686.7008584,1074.422451,1.668266287,22.87690545,3592.227901,0.6002
2,1,64,2.010288777,0.006585957,1753.294129,635.4280701,1064.583841,2.17629022,23.06849331,3480.567699,0.6002
2,2,64,2.141290545,0.005833508,1774.834552,642.7703897,1078.886858,2.165056491,21.36200541,3522.165985,0.6002
2,3,64,1.995230883,0.004892439,1751.63571,630.415341,1068.327836,2.179797385,23.87821906,3478.437026,0.6002
2,4,64,2.090024106,0.00568162,1733.955366,623.0126673,1058.524668,2.135028408,23.07362364,3442.797059,0.6002
3,1,64,1.96805956,0.005816319,1735.605107,612.9452167,1079.099186,1.823599186,22.25422361,3453.701209,0.6496
3,2,64,2.055482042,0.006132203,1769.275836,623.0581336,1102.092567,1.841248499,22.54606792,3520.875467,0.6496
3,3,64,2.045265295,0.004581679,1760.452005,618.7879619,1098.175142,1.801386691,21.01906899,3502.285411,0.6496
3,4,64,2.221933179,0.004548402,1775.954889,631.8400215,1099.942707,1.817049738,21.11495511,3532.896104,0.6496
4,1,64,2.093269003,0.005374632,1712.888846,612.3718805,1056.734071,1.794012745,21.13646074,3407.023914,0.6002
4,2,64,2.182719617,0.004983122,1716.725851,620.3943288,1052.274783,1.777773736,21.17652504,3414.536964,0.6002
4,3,64,2.306259667,0.004317587,1713.8091,615.2943483,1054.770376,1.782118413,21.88321513,3409.849734,0.6002
4,4,64,2.23939787,0.006731022,1687.934269,613.0066084,1031.939095,1.755164379,22.25878119,3359.140047,0.6002
1,1,128,2.263386449,0.005493179,2602.025501,1000.432906,1559.949125,0.885346512,35.22785096,5200.78961,0.5647
1,2,128,2.1771889,0.006724268,2607.945292,1007.00112,1559.176471,0.883133493,31.11882055,5208.308751,0.5647
1,3,128,2.131647421,0.006263864,2705.21548,1037.070112,1626.449262,0.883097703,39.34387575,5411.099739,0.5647
1,4,128,2.164162492,0.005254605,2630.920209,1012.808181,1576.838747,0.877240113,38.39847149,5262.012265,0.5647
2,1,128,6.373858054,0.066033704,2439.447974,890.437746,1503.001926,1.184227092,32.4634672,4872.975232,0.5647
2,2,128,2.732629237,0.006256814,2458.087064,893.5368262,1518.348506,1.162486996,30.14002778,4904.013797,0.5647
2,3,128,2.102875841,0.004401295,2388.322223,874.4077382,1467.651919,1.244033143,35.18781838,4768.921008,0.5647
2,4,128,2.37739426,0.007422743,2455.200582,891.7268103,1515.882547,1.205944944,29.1299738,4895.530675,0.5647
3,1,128,2.30354136,0.00613426,2377.554481,853.9586848,1480.225473,0.925822458,29.5579608,4744.532098,0.6077
3,2,128,2.131786368,0.005577807,2439.418197,879.152766,1516.723598,0.926386838,29.42448642,4867.782799,0.6077
3,3,128,2.198665419,0.004558151,2352.099221,851.1318062,1459.043837,0.904352745,36.55209433,4701.934535,0.6077
3,4,128,2.245081689,0.007277762,2318.754958,836.4511353,1440.247187,0.898774481,33.68364051,4632.288054,0.6077
4,1,128,2.388434444,0.007579194,2286.855918,840.9297315,1402.06826,0.964255077,29.90775333,4563.121931,0.6207
4,2,128,2.137651136,0.006879925,2282.579358,827.902211,1413.349496,0.902456751,20.15676291,4547.034816,0.6207
4,3,128,2.109997514,0.005021644,2331.319701,860.2323128,1427.586216,0.941809998,25.96773463,4648.162793,0.6207
4,4,128,2.208065012,0.006482673,2330.595561,845.4279808,1442.219334,0.906357449,34.70414008,4656.067921,0.6207
1,1,256,7.745966098,0.065609125,2947.779291,1165.671495,1740.494558,0.479928989,42.63868287,5904.875532,0.5261
1,2,256,2.597044477,0.005197418,2823.988462,1104.642319,1675.689267,0.485604735,36.06958239,5643.477477,0.5261
1,3,256,2.475879168,0.004951335,2797.435508,1094.698534,1659.627071,0.528158388,34.41879093,5589.188893,0.5261
1,4,256,2.60875904,0.005650508,2774.678061,1080.268375,1651.07517,0.465784232,36.68367329,5545.785473,0.5261
2,1,256,2.7787922,0.007374335,2381.104674,891.7232999,1447.785648,0.542403801,30.20738112,4754.149574,0.5275
2,2,256,2.702140036,0.004977731,2481.85382,936.5294479,1502.944956,0.46682092,34.35400443,4958.856167,0.5275
2,3,256,2.793617504,0.005132702,2379.85587,885.2141721,1453.307996,0.546008272,30.05575155,4751.778548,0.5275
2,4,256,2.474515036,0.004946305,2482.280213,942.1508988,1497.562269,0.453899012,34.23015822,4959.1569,0.5275
3,1,256,2.566678492,0.005203209,2459.161475,924.3082895,1492.656581,0.428232327,34.40177721,4913.528237,0.5579
3,2,256,2.806970634,0.004947396,2470.961172,899.3630612,1529.212512,0.456223459,32.95189927,4935.756786,0.5579
3,3,256,2.796104235,0.00696735,2490.053528,930.123502,1516.9292,0.445422726,34.26416178,4974.618886,0.5579
3,4,256,2.71183049,0.005002153,2450.036336,893.4508298,1513.98472,0.443227969,33.27388096,4893.905827,0.5579
4,1,256,2.51794051,0.005050868,2444.319491,912.7958523,1487.45372,0.456728241,32.78375808,4880.332541,0.5585
4,2,256,2.823184903,0.005043573,2365.188535,885.3545588,1436.164836,0.470758106,31.36121083,4721.368127,0.5585
4,3,256,2.517528593,0.005854962,2440.011017,924.2652374,1472.577005,0.470594994,35.02169942,4874.868937,0.5585
4,4,256,2.889053765,0.007047047,2438.131969,926.6178661,1468.689265,0.461132225,34.7383101,4871.534643,0.5585
1,1,512,7.574940218,0.085344191,1820.036891,695.681232,1079.657047,3.133934274,27.19880617,3633.368195,0.6194
1,2,512,2.731757471,0.004276329,1858.787903,709.9397335,1101.833158,3.322221169,23.15538587,3699.774436,0.6194
1,3,512,2.065464915,0.005094068,1833.519315,696.9371538,1088.984362,3.412138654,23.16218585,3648.085714,0.6194
1,4,512,2.018916444,0.004441056,1835.995826,698.3849884,1090.071492,3.382358329,23.29628182,3653.154303,0.6194
2,1,512,7.136538211,0.073874741,1771.328451,644.5126904,1070.157245,3.753852419,21.53857675,3518.501228,0.6194
2,2,512,2.319542347,0.004003243,1785.750135,649.3479044,1077.171484,3.979381626,23.60471889,3542.177169,0.6194
2,3,512,2.073456741,0.004404824,1747.984657,628.4589444,1061.506113,3.989359323,24.49711953,3468.514055,0.6194
2,4,512,1.985619975,0.004546638,1744.632107,625.7951045,1060.853155,4.006825523,24.13786039,3461.41522,0.6194
3,1,512,1.988615824,0.005778762,1838.413403,655.3933585,1134.142773,3.546134215,21.95826579,3655.448329,0.6026
3,2,512,2.020153983,0.005763753,1816.18355,644.7227629,1123.189273,3.507822084,21.73273348,3611.36206,0.6026
3,3,512,2.100464094,0.005364404,1797.826688,640.4050349,1110.22261,3.474409972,22.66862859,3576.7032,0.6026
3,4,512,2.160381395,0.006584319,1841.419667,648.1637479,1142.288692,3.712307221,23.07737476,3660.828754,0.6026
4,1,512,2.10080882,0.00486325,1794.43943,642.0548791,1101.881439,3.592939397,24.38749812,3568.461858,0.6194
4,2,512,2.166476079,0.008203834,1810.02374,653.8588751,1104.8314,3.621919154,22.22057453,3596.731188,0.6194
4,3,512,2.103738383,0.004952348,1803.702468,652.0479682,1101.442176,3.573375934,23.43401891,3586.308698,0.6194
4,4,512,2.179648864,0.005050925,1735.425534,623.3350983,1064.567307,3.490160065,23.67347265,3452.676272,0.6194