intra_threads,inter_threads,batch_size,data_load_time_sec,model_init_time_sec,train_time_total_sec,forward_time_sec,backward_time_sec,optimizer_time_sec,eval_time_sec,test_accuracy
1,1,128,2.0181070899998304,0.0041899409998222,1795.388609744,678.8765097830183,1073.232432246005,1.6743445410197637,23.15922089600008,0.6002
1,2,128,1.974575059000017,0.0041346409998368,1793.1416788349998,672.9579427059889,1076.6510068729958,1.6718021519864124,23.301908502000515,0.6002
1,3,128,1.9745108309998611,0.004029910999634,1795.007475925,684.2900047679504,1067.6029878309728,1.6875413159787058,22.07586753599935,0.6002
1,4,128,2.1061452069989173,0.0040959040015877,1804.4491784950003,686.7008584400501,1074.4224509659834,1.6682662869952765,22.87690545400073,0.6002
2,1,128,2.010288777000824,0.0065859570004249,1753.294128824,635.428070133954,1064.5838412850044,2.176290219993461,23.06849331400008,0.6002
2,2,128,2.14129054499972,0.0058335079993412,1774.834551582,642.7703896879666,1078.8868575309243,2.165056490963252,21.362005412000144,0.6002
2,3,128,1.9952308829997487,0.0048924389993771,1751.6357097060009,630.4153410089239,1068.3278358279676,2.179797384997073,23.878219059999537,0.6002
2,4,128,2.090024105998964,0.00568161999945,1733.9553658669993,623.012667273033,1058.5246684220583,2.1350284079981066,23.073623643002065,0.6002
3,1,128,1.968059560000256,0.0058163190005871,1735.6051073339986,612.945216701024,1079.099185890991,1.823599185943749,22.25422360800076,0.6496
3,2,128,2.0554820420002216,0.0061322030014707,1769.2758359020008,623.0581335521238,1102.0925670920003,1.8412484990731173,22.546067922001384,0.6496
3,3,128,2.0452652950007177,0.0045816789970558,1760.452004529001,618.7879618640036,1098.1751418081512,1.8013866910187062,21.0190689939991,0.6496
3,4,128,2.221933179000189,0.0045484020010917,1775.9548893319989,631.8400215489419,1099.9427066160642,1.8170497380488089,21.114955108001595,0.6496
4,1,128,2.093269002998568,0.005374631997256,1712.8888458990004,612.371880481056,1056.7340705479874,1.7940127449946883,21.13646073799828,0.6002
4,2,128,2.182719617001567,0.0049831219985208,1716.7258512400003,620.3943288460432,1052.27478276303,1.7777737359938328,21.176525042999856,0.6002
4,3,128,2.3062596669988125,0.0043175870014238,1713.809099717997,615.294348289055,1054.7703756540395,1.782118413026183,21.88321513399933,0.6002
4,4,128,2.2393978699983563,0.0067310220001672,1687.9342692009996,613.0066083849924,1031.9390951059395,1.7551643790575326,22.25878118900073,0.6002
1,1,256,2.2633864490017004,0.0054931790000409,2602.0255009139983,1000.4329064840422,1559.9491253772103,0.8853465120446344,35.22785095599829,0.5647
1,2,256,2.177188900001056,0.0067242680015624,2607.945292076998,1007.0011199570436,1559.1764713228986,0.8831334930437151,31.118820553994738,0.5647
1,3,256,2.131647421003436,0.0062638640010845,2705.215480275998,1037.0701121019956,1626.4492620279998,0.8830977029720088,39.3438757469994,0.5647
1,4,256,2.1641624920011964,0.0052546049992088,2630.9202085729994,1012.8081810189252,1576.8387468909425,0.8772401128080674,38.3984714909966,0.5647
2,1,256,6.373858053999982,0.0660337040000058,2439.447973837,890.4377459550033,1503.0019260939982,1.1842270920045337,32.4634672039997,0.5647
2,2,256,2.7326292369998555,0.0062568139996983,2458.0870639330005,893.5368262409957,1518.3485055590013,1.1624869960046451,30.140027782999823,0.5647
2,3,256,2.102875841000241,0.004401295000207,2388.32222259,874.4077381830057,1467.6519188839966,1.2440331429925209,35.18781837999995,0.5647
2,4,256,2.3773942600000737,0.0074227429995517,2455.200582166999,891.7268102860098,1515.8825472630087,1.205944944012117,29.12997379600165,0.5647
3,1,256,2.3035413599991443,0.0061342599983618,2377.554481424999,853.958684848023,1480.2254725729929,0.925822458040784,29.55796080300024,0.6077
3,2,256,2.1317863679996663,0.0055778070000087,2439.418197329,879.152765965975,1516.7235980879975,0.926386837989412,29.4244864150005,0.6077
3,3,256,2.198665418998644,0.0045581510003103,2352.0992209959986,851.1318062279661,1459.0438373259203,0.9043527450339752,36.55209432999982,0.6077
3,4,256,2.245081689001381,0.007277761997102,2318.754957814999,836.4511353260132,1440.2471867970453,0.8987744810256117,33.68364051000026,0.6077
4,1,256,2.3884344440011773,0.0075791939998453,2286.855917527002,840.9297314539872,1402.0682597559244,0.9642550768548972,29.90775332600242,0.6207
4,2,256,2.1376511359994765,0.0068799250002484,2282.579357953,827.9022109679972,1413.3494961910146,0.9024567510969064,20.156762907001397,0.6207
4,3,256,2.109997514002316,0.0050216439994983,2331.3197007100025,860.2323127740128,1427.5862158130512,0.9418099979993712,25.96773463099817,0.6207
4,4,256,2.2080650120005885,0.006482673001301,2330.5955606569987,845.4279807610292,1442.219334454996,0.9063574490210158,34.70414007899672,0.6207
1,1,512,7.745966097999997,0.0656091249999804,2947.779291318,1165.6714952960006,1740.4945579130076,0.4799289890034401,42.63868287499963,0.5261
1,2,512,2.597044477000054,0.005197417999625,2823.98846198,1104.642319071017,1675.6892667219995,0.4856047350108383,36.06958239399955,0.5261
1,3,512,2.4758791680005743,0.0049513350004417,2797.435508226001,1094.6985339859957,1659.6270711799923,0.5281583879959726,34.4187909329994,0.5261
1,4,512,2.6087590400002227,0.0056505080010538,2774.678060747001,1080.2683745339818,1651.0751704480026,0.4657842320157215,36.68367328699969,0.5261
2,1,512,2.778792199998861,0.0073743350003496,2381.104674061,891.7232999470143,1447.7856482210009,0.542403801006003,30.20738111800165,0.5275
2,2,512,2.7021400359990366,0.0049777309995988,2481.8538202030013,936.5294479269742,1502.944956195039,0.4668209200008277,34.35400443300023,0.5275
2,3,512,2.793617503997666,0.0051327019973541,2379.8558703599992,885.214172138003,1453.307995657029,0.5460082720055652,30.055751550000423,0.5275
2,4,512,2.4745150360031403,0.0049463050017948,2482.2802133930018,942.150898838092,1497.562269367019,0.4538990119835944,34.230158223002945,0.5275
3,1,512,2.5666784919994825,0.0052032089988642,2459.1614749069995,924.3082895149564,1492.6565813119814,0.4282323270017514,34.40177720800057,0.5579
3,2,512,2.806970633999299,0.0049473959988972,2470.961172344,899.3630611679582,1529.2125118000258,0.4562234590230218,32.95189927499814,0.5579
3,3,512,2.7961042349998024,0.0069673500001954,2490.053528015,930.1235019659724,1516.9291995669992,0.4454227260102925,34.26416177799911,0.5579
3,4,512,2.7118304899995564,0.0050021530005324,2450.0363362239987,893.4508297609755,1513.984719598986,0.4432279689535789,33.273880957000074,0.5579
4,1,512,2.517940510002518,0.005050867999671,2444.3194910549973,912.7958523120832,1487.453720232097,0.4567282409407198,32.783758079996915,0.5585
4,2,512,2.8231849029980367,0.0050435730008757,2365.1885347510038,885.354558789084,1436.1648364080902,0.4707581059337826,31.36121082599857,0.5585
4,3,512,2.517528593001771,0.0058549620007397,2440.011016753,924.2652373769016,1472.5770047069743,0.4705949939525453,35.02169942000182,0.5585
4,4,512,2.889053765000426,0.0070470470018335,2438.1319688000003,926.6178661279772,1468.689264875873,0.461132225143956,34.738310102999094,0.5585
1,1,64,7.574940217999995,0.0853441909999901,1820.036891211,695.6812319780013,1079.6570471799987,3.133934273995777,27.19880616700016,0.6194
1,2,64,2.731757471000037,0.0042763289998219,1858.787902969,709.9397335270196,1101.8331584859875,3.322221169004024,23.155385870999908,0.6194
1,3,64,2.0654649150001205,0.0050940679998348,1833.519314634,696.9371538210526,1088.9843619180117,3.4121386540186904,23.16218585100069,0.6194
1,4,64,2.018916444000752,0.0044410560003598,1835.9958256699992,698.384988419989,1090.0714917259884,3.382358328982264,23.29628182400029,0.6194
2,1,64,7.136538211000016,0.0738747409999973,1771.328450569,644.5126903930058,1070.157244966002,3.75385241900969,21.538576749999947,0.6194
2,2,64,2.3195423470001515,0.0040032429999428,1785.750134691,649.3479044290148,1077.1714837250124,3.979381625992119,23.60471888899974,0.6194
2,3,64,2.0734567409999727,0.0044048239997209,1747.9846572109996,628.458944361992,1061.5061134769917,3.989359323019016,24.497119525000016,0.6194
2,4,64,1.9856199750001904,0.0045466379997378,1744.632107175,625.7951044909832,1060.8531553320308,4.006825523015323,24.13786039499973,0.6194
3,1,64,1.9886158239996805,0.0057787619998634,1838.413402684,655.3933585039267,1134.1427734069805,3.546134214934682,21.958265789000507,0.6026
3,2,64,2.0201539830013644,0.0057637530007923,1816.183550418,644.7227629489407,1123.189273426029,3.507822083969586,21.73273348099974,0.6026
3,3,64,2.1004640940009267,0.0053644039999198,1797.8266882469998,640.4050348599776,1110.222609992008,3.474409971944624,22.668628589000942,0.6026
3,4,64,2.1603813950005133,0.006584318998648,1841.419666867001,648.1637479309738,1142.2886916690911,3.712307220970615,23.0773747610001,0.6026
4,1,64,2.1008088199996564,0.0048632500001986,1794.4394300959991,642.0548790550565,1101.8814388259998,3.592939397009104,24.38749812199967,0.6194
4,2,64,2.1664760790008586,0.0082038340005965,1810.0237398829995,653.8588750960262,1104.8313995990502,3.621919153963972,22.220574528000725,0.6194
4,3,64,2.103738382997108,0.0049523480010975,1803.7024683880009,652.0479681900906,1101.4421761840968,3.5733759340764664,23.43401890500172,0.6194
4,4,64,2.1796488639993186,0.0050509249995229,1735.425534056998,623.3350982890188,1064.56730700791,3.4901600649282045,23.6734726470022,0.6194
