intra_threads,inter_threads,batch_size,data_load_time_sec,model_build_time_sec,compile_time_sec,train_time_total_sec,eval_time_sec,total_time,test_accuracy
2,1,64,4.584252655,0.123047658,0.008797789,2657.683371,41.7159331,2704.115402,0.578499973
2,2,64,5.011288905,0.120415671,0.009456266,2695.013746,21.47791855,2721.632826,0.578499973
2,3,64,5.27876244,0.173728239,0.012909335,2496.815195,21.14291137,2523.423506,0.578499973
2,4,64,5.140526609,0.182760391,0.012687941,2461.544347,22.78989882,2489.670221,0.578499973
3,1,64,4.071030468,0.126899931,0.009778192,2693.734359,21.35043669,2719.292504,0.578499973
3,2,64,5.289152491,0.189182703,0.008398901,2501.246702,21.46595235,2528.199389,0.578499973
3,3,64,4.293694102,0.192528184,0.014206473,2648.077266,41.92308391,2694.500779,0.578499973
3,4,64,4.454781192,0.125303168,0.009432411,2565.665724,21.57721866,2591.83246,0.578499973
4,1,64,4.396362996,0.199666642,0.012961953,2757.467994,42.26989403,2804.34688,0.516900003
4,2,64,5.788056937,0.145907436,0.009302233,2740.172901,24.92033924,2771.036506,0.516900003
4,3,64,5.33409588,0.129320961,0.010264584,2787.843275,24.03010757,2817.347064,0.516900003
4,4,64,4.206870338,0.130996091,0.009653635,2715.761147,24.05120049,2744.159868,0.516900003
1,1,64,4.063341749,0.137580396,0.008887918,2820.805653,22.00618549,2847.021649,0.557900012
1,2,64,6.242008155,0.147890608,0.011412442,2728.553668,41.99382261,2776.948802,0.557900012
1,3,64,6.845641293,0.42411202,0.014877575,2792.137571,23.45128221,2822.873484,0.557900012
1,4,64,5.929614497,0.125023809,0.00983826,2813.121716,23.73250546,2842.918698,0.557900012
2,1,128,5.172220217,0.152619091,0.014483454,3011.873178,42.23425429,3059.446755,0.457599998
2,2,128,5.751498022,0.219985844,0.013846404,2900.456405,24.26005866,2930.701794,0.457599998
2,3,128,4.941279922,0.126220574,0.009107341,2907.19868,23.32738114,2935.602669,0.457599998
2,4,128,5.796451562,0.150006881,0.010593198,2810.402593,22.33699837,2838.696643,0.457599998
3,1,128,5.372492562,0.215203862,0.015183211,3077.499454,42.33777936,3125.440113,0.457599998
3,2,128,5.222044834,0.144893014,0.01175642,2868.719393,42.65510497,2916.753192,0.457599998
3,3,128,4.861631192,0.144746674,0.010152263,2780.955023,22.66514615,2808.636699,0.457599998
3,4,128,5.289927818,0.214107624,0.016641661,2851.359447,24.55879283,2881.438917,0.457599998
4,1,128,5.35223097,0.150248256,0.010539168,3035.85444,41.86015617,3083.227615,0.530399978
4,2,128,1.858539188,0.115779107,0.010054738,1875.31046,20.89796397,1898.192797,0.512799978
4,3,128,3.243573169,0.127649286,0.00731948,1857.851271,20.82525514,1882.055068,0.512799978
4,4,128,2.203471059,0.102724968,0.006686559,1756.813954,21.05081689,1780.177654,0.512799978
1,1,128,4.27525512,0.116172239,0.007814139,2131.65284,14.92824207,2150.980324,0.396699995
1,2,128,1.966318389,0.088453168,0.006362859,1923.692169,15.4042033,1941.157507,0.396699995
1,3,128,1.927533388,0.09504267,0.006118679,2050.553115,16.02281136,2068.604621,0.396699995
1,4,128,2.715383105,0.15976581,0.012323848,2097.263189,15.33403448,2115.484696,0.396699995
2,1,256,2.500284201,0.114760606,0.007834069,1990.140492,21.15444283,2013.917814,0.417699993
2,2,256,2.153665335,0.093672149,0.007625549,1939.540012,14.88124331,1956.676219,0.417699993
2,3,256,3.128551751,0.112475157,0.009205539,2054.672853,14.85618261,2072.779268,0.417699993
2,4,256,4.151425567,0.118737736,0.009942069,2038.261613,14.61102254,2057.152741,0.417699993
3,1,256,3.307170565,0.097711589,0.007308289,2150.348646,15.39915923,2169.159996,0.417699993
3,2,256,2.768437672,0.098059019,0.006449329,2066.11151,14.51882976,2083.503286,0.417699993
3,3,256,2.6431057,0.103522548,0.007981219,1933.620298,21.10333145,1957.478239,0.417699993
3,4,256,2.777168753,0.104780647,0.006940759,2159.178196,21.19909852,2183.266184,0.417699993
4,1,256,3.075867587,0.111504367,0.007801629,2138.822076,21.0542031,2163.071453,0.420399994
4,2,256,2.751727775,0.181213398,0.010096059,2052.898614,20.99416945,2076.835821,0.420399994
4,3,256,2.635863568,0.090356689,0.006619009,2110.907192,21.02560969,2134.665641,0.420399994
4,4,256,2.678272572,0.093058389,0.006567199,2212.008867,16.27400197,2231.060767,0.420399994
1,1,256,7.427875362,0.155264032,0.009108906,3063.103361,22.29815981,3092.993769,0.468300015
1,2,256,4.923115333,0.129455654,0.008946358,2797.773879,22.1214483,2824.956845,0.468300015
1,3,256,4.750028158,0.122654333,0.009314831,2800.794593,22.20798834,2827.884579,0.468300015
1,4,256,5.086842834,0.114090791,0.008389521,2813.435723,22.58839694,2841.233443,0.468300015
2,1,512,5.15999263,0.114941166,0.00828069,2910.272266,42.09469532,2957.650176,0.406100005
2,2,512,6.020994138,0.11910763,0.008846688,2796.118162,22.55994015,2824.827051,0.406100005
2,3,512,4.774430285,0.117586109,0.011613898,2990.24861,21.57524644,3016.727486,0.406100005
2,4,512,4.756157961,0.116340305,0.00813896,2868.766898,22.38861498,2896.03615,0.406100005
3,1,512,5.02877241,0.113778558,0.008572999,3065.297949,22.59464168,3093.043714,0.406100005
3,2,512,5.466903632,0.117372113,0.009099458,2861.387369,22.36059762,2889.341342,0.406100005
3,3,512,5.74446638,0.118045249,0.008471115,2922.557154,42.16552536,2970.593662,0.406100005
3,4,512,5.977812968,0.124473587,0.009214944,2967.430111,22.91737432,2996.458987,0.406100005
4,1,512,5.093617818,0.137274883,0.00899381,3148.078251,23.2540249,3176.572162,0.405400008
4,2,512,5.164455324,0.121218541,0.008706696,3074.291483,21.55983652,3101.1457,0.405400008
4,3,512,5.138758523,0.159130886,0.009375099,3387.410816,32.3791403,3425.09722,0.405400008
4,4,512,5.492713937,0.18121564,0.014964213,3290.907894,41.90589466,3338.502683,0.405400008
1,1,512,5.556236092,0.233172392,0.014159445,2969.315791,25.12701113,3000.24637,0.586300015
1,2,512,4.664133055,0.148758441,0.010293552,2697.873602,25.15466997,2727.851457,0.586300015
1,3,512,5.535879996,0.137490032,0.008993555,2677.018292,25.18072563,2707.881382,0.586300015
1,4,512,4.441492091,0.123493181,0.008672734,2705.208482,41.79335544,2751.575496,0.586300015